order,id,date,time,title,url,visitCount,typedCount,transition
265,72714,11/28/2020,21:44:28,sturdy-couscous/sturdycouscous/unit_tests/src at main Â· IsabelleLenertz/sturdy-couscous,https://github.com/IsabelleLenertz/sturdy-couscous/tree/main/sturdycouscous/unit_tests/src,9,0,link
302,70996,11/28/2020,21:39:35,Pull requests Â· IsabelleLenertz/sturdy-couscous,https://github.com/IsabelleLenertz/sturdy-couscous/pulls,33,0,link
1061,72784,11/25/2020,22:08:53,SRS (Supporting Role Syndrome) (78 people) - MyDramaList,https://mydramalist.com/list/W3rB8EE3,2,0,link
57,73161,11/30/2020,13:35:20,"UC Berkeley - Calendar - Week of November 29, 2020",https://calendar.google.com/calendar/u/2/r/week?eid=MHM2aTRoY2o4ZmswMDAxdDcwOWdvM3BhbXEgamFzcmlkaGFAYmVya2VsZXkuZWR1&rst=1&ctz=America/Los_Angeles&hl=en&es=1&sf=true&response_updated=1,11,0,link
659,72886,11/26/2020,19:43:03,homework 10 - Google Docs,https://docs.google.com/document/d/10P1YtJQm4XZpzs_TBEc70HopHZJV_MnFqV0i8auln2g/edit,110,0,link
491,167,11/27/2020,15:27:04,YouTube,https://www.youtube.com/,631,165,link
1234,71205,11/25/2020,13:51:58,sturdy-couscous/sturdycouscous/Garbanzo at main Â· IsabelleLenertz/sturdy-couscous,https://github.com/IsabelleLenertz/sturdy-couscous/tree/main/sturdycouscous/Garbanzo,19,0,link
1137,72735,11/25/2020,17:18:03,docker copy over directory from host to container - Google Search,https://www.google.com/search?q=docker+copy+over+directory+from+host+to+container&oq=docker+copy+over+directory+from+host+to+container&aqs=chrome.0.69i59.3671j0j4&sourceid=chrome&ie=UTF-8,2,0,generated
477,167,11/27/2020,15:46:25,YouTube,https://www.youtube.com/,631,165,link
428,72975,11/27/2020,20:39:58,Search â€” Python 3.9.1rc1 documentation,https://docs.python.org/3/search.html?q=http+only,1,0,form_submit
341,73025,11/28/2020,19:29:23,salt fat acid heat focaccia - YouTube,https://www.youtube.com/results?search_query=salt+fat+acid+heat+focaccia,4,0,link
1401,72656,11/23/2020,23:35:57,"Quiz: Which Iconic ""Sims"" Townie Are You?",https://www.buzzfeed.com/charliefeed/which-iconic-sims-townie-are-you-5zvw8vognz,2,0,link
1353,70317,11/25/2020,13:33:57,IsabelleLenertz/sturdy-couscous: An web-security audit agent for local and enterprise networks,https://github.com/IsabelleLenertz/sturdy-couscous,59,1,link
1183,167,11/25/2020,15:33:06,YouTube,https://www.youtube.com/,631,165,link
59,73161,11/30/2020,13:35:18,"UC Berkeley - Calendar - Week of November 29, 2020",https://calendar.google.com/calendar/u/2/r/week?eid=MHM2aTRoY2o4ZmswMDAxdDcwOWdvM3BhbXEgamFzcmlkaGFAYmVya2VsZXkuZWR1&rst=1&ctz=America/Los_Angeles&hl=en&es=1&sf=true&response_updated=1,11,0,link
609,72886,11/26/2020,21:20:06,homework 10 - Google Docs,https://docs.google.com/document/d/10P1YtJQm4XZpzs_TBEc70HopHZJV_MnFqV0i8auln2g/edit,110,0,link
471,65476,11/27/2020,15:47:54,"Assessments, 2020-0824 CYBER W202 Cryptography for Cyber and Network Security",https://learn.cybersecurity.berkeley.edu/ap/courses/431/sections/d3d007b9-8952-4bcc-87e2-d2fbd197b5d2/coursework/courseModule/6248767b-53fc-4ce4-b90d-53cc042a3135,85,0,link
593,72886,11/26/2020,21:23:33,homework 10 - Google Docs,https://docs.google.com/document/d/10P1YtJQm4XZpzs_TBEc70HopHZJV_MnFqV0i8auln2g/edit,110,0,link
981,70588,11/26/2020,12:13:59,"14: Exam [Live Session Only], 2020-0824 CYBER W202 Cryptography for Cyber and Network Security",https://learn.cybersecurity.berkeley.edu/ap/courses/431/sections/d3d007b9-8952-4bcc-87e2-d2fbd197b5d2/coursework/courseModule/94b03f88-552a-4379-a892-cba9bcb55790,3,0,link
699,64995,11/26/2020,19:28:52,Coursework,https://learn.cybersecurity.berkeley.edu/ap/courses/431/sections/d3d007b9-8952-4bcc-87e2-d2fbd197b5d2/coursework,45,0,link
55,73160,11/30/2020,13:35:22,"UC Berkeley - Calendar - Week of November 29, 2020",https://calendar.google.com/calendar/u/2/r/week/2020/11/30?eid=MHM2aTRoY2o4ZmswMDAxdDcwOWdvM3BhbXEgamFzcmlkaGFAYmVya2VsZXkuZWR1&rst=1&ctz=America/Los_Angeles&hl=en&es=1&sf=true&response_updated=1,4,0,link
1044,47218,11/25/2020,22:17:37,"Organize, Discuss, Discover Asian Dramas & Movies - MyDramaList",https://mydramalist.com/,19,7,link
460,72950,11/27/2020,16:48:33,I Gave My Kids Thir Dream Days - YouTube,https://www.youtube.com/watch?v=H9AmU8c0D_c,1,0,link
902,65564,11/26/2020,15:35:55,Grad school Documents - Google Drive,https://drive.google.com/drive/u/0/folders/1zU-OSg7GR8DoyFYWir9KYZHPQxQaJfZh,18,0,link
1100,72757,11/25/2020,18:51:38,python3 -m flag - Google Search,https://www.google.com/search?sxsrf=ALeKk03h3RJigQzJnk8P7B_LZJG-M_hmsA%3A1606359066101&ei=Ghi_X6bjBcTG-gS2tISICg&q=python3+-m+flag&oq=-m+flag+for+python&gs_lcp=CgZwc3ktYWIQARgAMgQIABBHMgQIABBHMgQIABBHMgQIABBHMgQIABBHMgQIABBHMgQIABBHMgQIABBHUABYAGC7KmgAcAR4AIABAIgBAJIBAJgBAKoBB2d3cy13aXrIAQjAAQE&sclient=psy-ab,2,0,form_submit
247,73037,11/28/2020,21:56:03,sublime text containers - Google Search,https://www.google.com/search?q=sublime+text+containers&oq=sublime+text+containers&aqs=chrome..69i57j0i20i263j0i433l2j0j0i433j0l2.5727j0j7&sourceid=chrome&ie=UTF-8,1,0,generated
876,72871,11/26/2020,15:38:26,unit 13 reflection - Google Docs,https://docs.google.com/document/d/1EackMQxco7ecprZjAj1wPNmjWlsUhyzXhn1T6TyAfVg/edit,178,0,link
198,73057,11/29/2020,12:58:23,We Tried To Make A Zero Waste Chocolate Cake â€¢ Goodful - YouTube,https://www.youtube.com/watch?v=YJB5JWizc4U,2,0,link
577,72901,11/26/2020,22:06:55,Caroline Girvan - YouTube,https://www.youtube.com/channel/UCpis3RcTw6t47XO0R_KY4WQ,2,0,link
733,72871,11/26/2020,16:11:06,unit 13 reflection - Google Docs,https://docs.google.com/document/d/1EackMQxco7ecprZjAj1wPNmjWlsUhyzXhn1T6TyAfVg/edit,178,0,link
551,72886,11/26/2020,23:51:03,homework 10 - Google Docs,https://docs.google.com/document/d/10P1YtJQm4XZpzs_TBEc70HopHZJV_MnFqV0i8auln2g/edit,110,0,link
372,73007,11/28/2020,15:42:14,Single Girl Flirts With BTS' Namjoon In The Sims 4 | Part 68 - YouTube,https://www.youtube.com/watch?v=VF9eCJcHHu8,1,0,link
909,72866,11/26/2020,14:19:23,CYBER_STRATEGY_SUMMARY_FINAL.PDF,https://media.defense.gov/2018/Sep/18/2002041658/-1/-1/1/CYBER_STRATEGY_SUMMARY_FINAL.PDF,1,0,link
927,72858,11/26/2020,14:06:10,27 Diagrams That Make Cooking So Much Easier,https://tasty.co/article/christinebyrne/cooking-charts#.fkEBqaqG1X,1,0,auto_bookmark
947,72848,11/26/2020,13:12:10,13.3 Bitcoin and Blockchains,https://learn.cybersecurity.berkeley.edu/ap/courses/431/sections/d3d007b9-8952-4bcc-87e2-d2fbd197b5d2/coursework/module/58f56af0-60d7-4048-8aa5-c011ff596196/segment/44e8c86d-51aa-4b32-a644-ada6ca6295ea,1,0,link
1158,72715,11/25/2020,16:49:25,sturdy-couscous/sturdycouscous/unit_tests/resources at main Â· IsabelleLenertz/sturdy-couscous,https://github.com/IsabelleLenertz/sturdy-couscous/tree/main/sturdycouscous/unit_tests/resources,4,0,link
431,72973,11/27/2020,20:37:26,http.badssl.com,http://http.badssl.com/,1,0,link
296,70996,11/28/2020,21:40:23,Pull requests Â· IsabelleLenertz/sturdy-couscous,https://github.com/IsabelleLenertz/sturdy-couscous/pulls,33,0,link
939,70806,11/26/2020,13:50:49,Kayla (@lilsimsie) / Twitter,https://twitter.com/lilsimsie,5,1,link
920,64995,11/26/2020,14:12:30,Coursework,https://learn.cybersecurity.berkeley.edu/ap/courses/431/sections/d3d007b9-8952-4bcc-87e2-d2fbd197b5d2/coursework,45,0,link
1309,71004,11/25/2020,13:39:25,sturdy-couscous/sturdycouscous at isabelle/crawler Â· IsabelleLenertz/sturdy-couscous,https://github.com/IsabelleLenertz/sturdy-couscous/tree/isabelle/crawler/sturdycouscous,32,0,link
736,72871,11/26/2020,16:11:06,unit 13 reflection - Google Docs,https://docs.google.com/document/d/1EackMQxco7ecprZjAj1wPNmjWlsUhyzXhn1T6TyAfVg/edit,178,0,link
695,72883,11/26/2020,19:33:55,examples of secure multi party computation - Google Search,https://www.google.com/search?q=examples+of+secure+multi+party+computation&oq=examples+of+secure+multi+party+computation&aqs=chrome..69i57j33i22i29i30l7.5743j0j4&sourceid=chrome&ie=UTF-8,2,0,generated
661,72886,11/26/2020,19:43:03,homework 10 - Google Docs,https://docs.google.com/document/d/10P1YtJQm4XZpzs_TBEc70HopHZJV_MnFqV0i8auln2g/edit,110,0,link
367,167,11/28/2020,16:24:12,YouTube,https://www.youtube.com/,631,165,link
728,72871,11/26/2020,16:11:06,unit 13 reflection - Google Docs,https://docs.google.com/document/d/1EackMQxco7ecprZjAj1wPNmjWlsUhyzXhn1T6TyAfVg/edit,178,0,link
943,70808,11/26/2020,13:49:50,James Turner (@JamesTurnerYT) / Twitter,https://twitter.com/jamesturneryt,3,2,typed
51,73161,11/30/2020,13:35:24,"UC Berkeley - Calendar - Week of November 29, 2020",https://calendar.google.com/calendar/u/2/r/week?eid=MHM2aTRoY2o4ZmswMDAxdDcwOWdvM3BhbXEgamFzcmlkaGFAYmVya2VsZXkuZWR1&rst=1&ctz=America/Los_Angeles&hl=en&es=1&sf=true&response_updated=1,11,0,link
346,72877,11/28/2020,17:22:06,"14: Future of Cybersecurity, 2020-0824 CYBER W200 Beyond the Code: Cyber Security in Context",https://learn.cybersecurity.berkeley.edu/ap/courses/430/sections/5046d34c-f0ac-4ed2-bbbd-8eb901d03b32/coursework/courseModule/816c0cd7-54eb-406c-aa94-1d4c6304366c,2,0,link
1366,72669,11/24/2020,22:05:00,13.3 Preventing Cyberwar,https://learn.cybersecurity.berkeley.edu/ap/courses/430/sections/5046d34c-f0ac-4ed2-bbbd-8eb901d03b32/coursework/module/64574d23-d0dd-4a51-86f3-cf2b8139cc02/segment/a1d067bc-cf3d-4c39-9238-864ffcd546eb,1,0,reload
681,72886,11/26/2020,19:43:03,homework 10 - Google Docs,https://docs.google.com/document/d/10P1YtJQm4XZpzs_TBEc70HopHZJV_MnFqV0i8auln2g/edit,110,0,link
1272,72343,11/25/2020,13:41:10,sturdy-couscous/sturdycouscous/unit_tests at isabelle/crawler Â· IsabelleLenertz/sturdy-couscous,https://github.com/IsabelleLenertz/sturdy-couscous/tree/isabelle/crawler/sturdycouscous/unit_tests,8,0,link
1373,72670,11/24/2020,16:24:15,What is Poki? - YouTube,https://www.youtube.com/watch?v=yBANdAzFQJs&t=378s,1,0,link
667,72886,11/26/2020,19:43:03,homework 10 - Google Docs,https://docs.google.com/document/d/10P1YtJQm4XZpzs_TBEc70HopHZJV_MnFqV0i8auln2g/edit,110,0,link
1200,72711,11/25/2020,15:27:51,sturdy-couscous/sturdycouscous/bouneschlupp at main Â· IsabelleLenertz/sturdy-couscous,https://github.com/IsabelleLenertz/sturdy-couscous/tree/main/sturdycouscous/bouneschlupp,7,0,link
1322,72688,11/25/2020,13:38:40,sturdy-couscous/sturdycouscous/test at isabelle/crawler Â· IsabelleLenertz/sturdy-couscous,https://github.com/IsabelleLenertz/sturdy-couscous/tree/isabelle/crawler/sturdycouscous/test,2,0,link
65,73155,11/30/2020,13:30:07,Meet - vcj-hryp-iui,https://meet.google.com/vcj-hryp-iui,2,0,link
1327,70878,11/25/2020,13:38:26,IsabelleLenertz/sturdy-couscous at isabelle/crawler,https://github.com/IsabelleLenertz/sturdy-couscous/tree/isabelle/crawler,9,0,link
295,72820,11/28/2020,21:40:24,Pull requests Â· IsabelleLenertz/sturdy-couscous,https://github.com/IsabelleLenertz/sturdy-couscous/pull/18,12,0,link
1066,72781,11/25/2020,22:06:37,Search Results - MyDramaList,https://mydramalist.com/search?q=kyungsoo,1,0,form_submit
1298,71004,11/25/2020,13:39:56,sturdy-couscous/sturdycouscous at isabelle/crawler Â· IsabelleLenertz/sturdy-couscous,https://github.com/IsabelleLenertz/sturdy-couscous/tree/isabelle/crawler/sturdycouscous,32,0,link
324,72820,11/28/2020,20:59:06,Pull requests Â· IsabelleLenertz/sturdy-couscous,https://github.com/IsabelleLenertz/sturdy-couscous/pull/18,12,0,link
929,49546,11/26/2020,14:04:34,ì—‘ì†Œ EXO _ TENDER LOVE - YouTube,https://www.youtube.com/watch?v=RrEKhu4qgak,2,0,auto_bookmark
455,72955,11/27/2020,18:14:04,Ligurian Focaccia â€” SALT FAT ACID HEAT,https://www.saltfatacidheat.com/fat/ligurian-focaccia,1,0,link
141,68528,11/29/2020,19:03:20,#memes,https://discord.com/channels/260426545028530177/261250393709871104,2,0,link
1406,72652,11/23/2020,23:34:10,DON LOTHARIO | ONE MINUTE MAKEOVER | GIVING HIM THE SIMS 2 LOOK HE DESERVES | THE SIMS 4 SPEED CAS - YouTube,https://www.youtube.com/watch?v=er_530y8I6U,1,0,link
866,72871,11/26/2020,15:38:26,unit 13 reflection - Google Docs,https://docs.google.com/document/d/1EackMQxco7ecprZjAj1wPNmjWlsUhyzXhn1T6TyAfVg/edit,178,0,link
888,72871,11/26/2020,15:38:26,unit 13 reflection - Google Docs,https://docs.google.com/document/d/1EackMQxco7ecprZjAj1wPNmjWlsUhyzXhn1T6TyAfVg/edit,178,0,link
798,72871,11/26/2020,16:04:33,unit 13 reflection - Google Docs,https://docs.google.com/document/d/1EackMQxco7ecprZjAj1wPNmjWlsUhyzXhn1T6TyAfVg/edit,178,0,link
435,72971,11/27/2020,20:32:18,"Python, Detect is a URL needs to be HTTPS vs HTTP - Stack Overflow",https://stackoverflow.com/questions/23764639/python-detect-is-a-url-needs-to-be-https-vs-http,2,0,link
100,73126,11/29/2020,23:13:08,The ONLY Sims 4 realm of magic review you need to watch - YouTube,https://www.youtube.com/watch?v=Dbn_SYrctYw,1,0,link
165,73091,11/29/2020,15:40:40,Can You Guess Your Girlfriend By Her Makeup? - YouTube,https://www.youtube.com/watch?v=Hwm5yxWfZDw,1,0,link
186,73075,11/29/2020,13:18:57,Karthika Deepam - Wikipedia,https://en.wikipedia.org/wiki/Karthika_Deepam,1,0,link
868,72871,11/26/2020,15:38:26,unit 13 reflection - Google Docs,https://docs.google.com/document/d/1EackMQxco7ecprZjAj1wPNmjWlsUhyzXhn1T6TyAfVg/edit,178,0,link
856,72871,11/26/2020,15:38:26,unit 13 reflection - Google Docs,https://docs.google.com/document/d/1EackMQxco7ecprZjAj1wPNmjWlsUhyzXhn1T6TyAfVg/edit,178,0,link
1352,70317,11/25/2020,13:34:21,IsabelleLenertz/sturdy-couscous: An web-security audit agent for local and enterprise networks,https://github.com/IsabelleLenertz/sturdy-couscous,59,1,link
231,73034,11/28/2020,22:16:45,sturdy-couscous/Dockerfile at main Â· IsabelleLenertz/sturdy-couscous,https://github.com/IsabelleLenertz/sturdy-couscous/blob/main/sturdycouscous/Garbanzo/Dockerfile,4,0,link
1350,71204,11/25/2020,13:34:21,sturdy-couscous/sturdycouscous at main Â· IsabelleLenertz/sturdy-couscous,https://github.com/IsabelleLenertz/sturdy-couscous/tree/main/sturdycouscous,45,0,link
741,72871,11/26/2020,16:11:06,unit 13 reflection - Google Docs,https://docs.google.com/document/d/1EackMQxco7ecprZjAj1wPNmjWlsUhyzXhn1T6TyAfVg/edit,178,0,link
572,167,11/26/2020,22:13:02,YouTube,https://www.youtube.com/,631,165,link
720,72871,11/26/2020,16:11:07,unit 13 reflection - Google Docs,https://docs.google.com/document/d/1EackMQxco7ecprZjAj1wPNmjWlsUhyzXhn1T6TyAfVg/edit,178,0,link
596,72890,11/26/2020,21:23:08,"85Â°C Bakery Cafe - Updated COVID-19 Hours & Services - 4508 Photos & 5708 Reviews - Coffee & Tea - 2700 Alton Pkwy, Irvine, CA - Phone Number - Yelp",https://www.yelp.com/biz/85-c-bakery-cafe-irvine,1,0,link
822,72871,11/26/2020,15:52:45,unit 13 reflection - Google Docs,https://docs.google.com/document/d/1EackMQxco7ecprZjAj1wPNmjWlsUhyzXhn1T6TyAfVg/edit,178,0,link
906,72870,11/26/2020,15:32:32,I need to stop giving my sims bycicles... for my own sanity : thesims,https://www.reddit.com/r/thesims/comments/k0tb8p/i_need_to_stop_giving_my_sims_bycicles_for_my_own/,2,0,link
1414,72645,11/23/2020,22:38:37,Alvin Zhou - YouTube,https://www.youtube.com/channel/UCsdD3quGf01RWABJt8wLe9g,1,0,link
633,72886,11/26/2020,19:43:05,homework 10 - Google Docs,https://docs.google.com/document/d/10P1YtJQm4XZpzs_TBEc70HopHZJV_MnFqV0i8auln2g/edit,110,0,link
133,25491,11/29/2020,19:06:31,Messenger,https://www.messenger.com/t/MUKUNDSRIDHARR,34,0,link
118,34310,11/29/2020,19:30:33,Messenger,https://www.messenger.com/t/lori.loya.50,64,0,link
550,72886,11/26/2020,23:51:04,homework 10 - Google Docs,https://docs.google.com/document/d/10P1YtJQm4XZpzs_TBEc70HopHZJV_MnFqV0i8auln2g/edit,110,0,link
105,73123,11/29/2020,22:26:37,I built an 8 SIM TINY HOUSE and ended lilsimsie's career - YouTube,https://www.youtube.com/watch?v=u5lrZn2Jitk,1,0,link
557,72912,11/26/2020,23:27:36,These Cats Wild Instincts Are Driving Their Owners Crazy! | My Cat From Hell - YouTube,https://www.youtube.com/watch?v=hUSuSSt_DGQ,1,0,link
140,56542,11/29/2020,19:03:21,#fieldmarshal,https://discord.com/channels/260426545028530177/260426545028530177,24,8,link
607,72886,11/26/2020,21:20:09,homework 10 - Google Docs,https://docs.google.com/document/d/10P1YtJQm4XZpzs_TBEc70HopHZJV_MnFqV0i8auln2g/edit,110,0,link
1091,72762,11/25/2020,21:54:59,"Search results for ""lee jong suk"" | Soompi",https://www.soompi.com/search?query=lee%20jong%20suk,3,0,link
1125,72742,11/25/2020,18:13:06,Edit a File When You Are Viewing It Using more / less Command Pager - nixCraft,https://www.cyberciti.biz/faq/edit-file-when-youre-viewing-withmore-less/,2,0,link
1438,167,11/23/2020,19:30:44,YouTube,https://www.youtube.com/,631,165,link
682,72886,11/26/2020,19:43:03,homework 10 - Google Docs,https://docs.google.com/document/d/10P1YtJQm4XZpzs_TBEc70HopHZJV_MnFqV0i8auln2g/edit,110,0,link
279,71205,11/28/2020,21:43:20,sturdy-couscous/sturdycouscous/Garbanzo at main Â· IsabelleLenertz/sturdy-couscous,https://github.com/IsabelleLenertz/sturdy-couscous/tree/main/sturdycouscous/Garbanzo,19,0,link
881,72871,11/26/2020,15:38:26,unit 13 reflection - Google Docs,https://docs.google.com/document/d/1EackMQxco7ecprZjAj1wPNmjWlsUhyzXhn1T6TyAfVg/edit,178,0,link
1101,72754,11/25/2020,18:51:32,-m flag for python - Google Search,https://www.google.com/search?q=-m+flag+for+python&oq=-m+flag+for+python&aqs=chrome..69i57.5511j0j7&sourceid=chrome&ie=UTF-8,3,0,generated
1333,72687,11/25/2020,13:38:18,Isabelle/crawler by IsabelleLenertz Â· Pull Request #17 Â· IsabelleLenertz/sturdy-couscous,https://github.com/IsabelleLenertz/sturdy-couscous/pull/17/files#diff-e1991b0a04753b142cf69b12390a11d7185acc7698b078c7c2941c801681a380,2,0,link
525,72886,11/27/2020,14:01:01,homework 10 - Google Docs,https://docs.google.com/document/d/10P1YtJQm4XZpzs_TBEc70HopHZJV_MnFqV0i8auln2g/edit,110,0,link
873,72871,11/26/2020,15:38:26,unit 13 reflection - Google Docs,https://docs.google.com/document/d/1EackMQxco7ecprZjAj1wPNmjWlsUhyzXhn1T6TyAfVg/edit,178,0,link
164,73092,11/29/2020,17:50:18,jaggery - Google Search,https://www.google.com/search?q=jaggery&oq=jaggery+&aqs=chrome..69i57j0j0i433l3j0l3.1248j0j7&sourceid=chrome&ie=UTF-8,1,0,generated
925,7474,11/26/2020,14:08:42,Thai Peanut Noodle Stir-Fry Recipe | Allrecipes,https://www.allrecipes.com/recipe/168579/thai-peanut-noodle-stir-fry/,1,0,auto_bookmark
110,73119,11/29/2020,22:24:11,sims 4 but my sim is TOO DUMB for university - YouTube,https://www.youtube.com/watch?v=XLjEm9MxRDM,1,0,link
321,70317,11/28/2020,21:06:20,IsabelleLenertz/sturdy-couscous: An web-security audit agent for local and enterprise networks,https://github.com/IsabelleLenertz/sturdy-couscous,59,1,link
1195,71204,11/25/2020,15:28:08,sturdy-couscous/sturdycouscous at main Â· IsabelleLenertz/sturdy-couscous,https://github.com/IsabelleLenertz/sturdy-couscous/tree/main/sturdycouscous,45,0,link
1385,72663,11/24/2020,14:39:18,"RSAC Spotlight: Supply chain guidance, OT management and more. - jasridha@berkeley.edu - UC Berkeley Mail",https://mail.google.com/mail/u/2/#inbox/FMfcgxwKjdrtRJspJbCHhmsppWjpMXvd,2,0,link
358,167,11/28/2020,16:38:52,YouTube,https://www.youtube.com/,631,165,link
1267,71004,11/25/2020,13:41:32,sturdy-couscous/sturdycouscous at isabelle/crawler Â· IsabelleLenertz/sturdy-couscous,https://github.com/IsabelleLenertz/sturdy-couscous/tree/isabelle/crawler/sturdycouscous,32,0,link
791,72871,11/26/2020,16:06:31,unit 13 reflection - Google Docs,https://docs.google.com/document/d/1EackMQxco7ecprZjAj1wPNmjWlsUhyzXhn1T6TyAfVg/edit,178,0,link
688,65622,11/26/2020,19:43:00,Untitled document - Google Docs,https://docs.google.com/document/create?usp=drive_web&ouid=109054863491405450605&folder=1DMsPY0Fz5u3KfhOswgEb5RWJ-9G8dpCv,14,0,link
797,72871,11/26/2020,16:04:34,unit 13 reflection - Google Docs,https://docs.google.com/document/d/1EackMQxco7ecprZjAj1wPNmjWlsUhyzXhn1T6TyAfVg/edit,178,0,link
1109,72752,11/25/2020,18:31:42,python requests module - Google Search,https://www.google.com/search?q=python+requests+module&oq=python+requests+module&aqs=chrome..69i57j0i20i263j0l3j0i20i263j0l2.3031j0j4&sourceid=chrome&ie=UTF-8,1,0,generated
1027,72807,11/25/2020,22:36:21,Nam Da Reum (ë‚¨ë‹¤ë¦„) - MyDramaList,https://mydramalist.com/people/2774-nam-da-reum,2,0,link
1339,70312,11/25/2020,13:36:38,"Slack | Isabelle Delmas, Robby Boparai | UC Berkeley School of Information | 2 new items",https://app.slack.com/client/T0WA5NWKG/G01DFTP7BAM,31,1,link
457,72952,11/27/2020,17:53:35,Intersectional Feminism 101: Why Itâ€™s Important And What We Must Remember,https://feminisminindia.com/2017/02/13/indian-intersectional-feminism-101/,1,0,auto_toplevel
971,72829,11/26/2020,12:38:58,We Test Popular Breakfast Gadgets â€¢ Tasty - YouTube,https://www.youtube.com/watch?v=DlJBxgFqL_E,1,0,link
554,72914,11/26/2020,23:46:33,Can Jackson Convince This Woman To Make Her Home Safe For Her Cat? | Cat vs. Dog - YouTube,https://www.youtube.com/watch?v=mPqmilzQSSM,1,0,link
413,67378,11/28/2020,9:04:41,Launch Meeting - Zoom,https://zoom.us/j/91441317180,11,0,link
490,72939,11/27/2020,15:27:09,SPLIT-LEVEL BASE GAME FAMILY HOME ðŸ’• | The Sims 4: Speed Build - YouTube,https://www.youtube.com/watch?v=BCsAYFR2d5U,1,0,link
578,72900,11/26/2020,21:43:21,I Ate & Exercised Like The Most UNDERRATED Fitness Influencers | WHO HAS THE BEST WORKOUTS & DIET?! - YouTube,https://www.youtube.com/watch?v=qZdVtB_sE4M,2,0,link
1145,72730,11/25/2020,17:11:00,Docker Tutorial for Beginners - A Full DevOps Course on How to Run Applications in Containers - YouTube,https://www.youtube.com/watch?v=fqMOX6JJhGo,3,0,link
176,73083,11/29/2020,14:45:28,5 minute 50 minute 5 hour Vegan Grilled Cheese - Google Docs,https://docs.google.com/document/d/10UwrW96oz27eiPA51ZSL4mlZsgRCCjmYYV2JBsDkc34/edit?usp=sharing,1,0,link
416,167,11/27/2020,20:49:38,YouTube,https://www.youtube.com/,631,165,link
353,167,11/28/2020,16:54:43,YouTube,https://www.youtube.com/,631,165,link
1110,72751,11/25/2020,18:31:32,503 Service Unavailable - HTTP | MDN,https://developer.mozilla.org/en-US/docs/Web/HTTP/Status/503,1,0,link
512,72929,11/27/2020,14:16:52,The Try Guys Test Who Is The Most Attractive - YouTube,https://www.youtube.com/watch?v=xm63aVNwvao,1,0,link
188,73073,11/29/2020,13:08:34,We Mixed 81 Chips To Make Mozzarella Sticks - YouTube,https://www.youtube.com/watch?v=1s8ny4nofek,1,0,link
863,72871,11/26/2020,15:38:26,unit 13 reflection - Google Docs,https://docs.google.com/document/d/1EackMQxco7ecprZjAj1wPNmjWlsUhyzXhn1T6TyAfVg/edit,178,0,link
620,72886,11/26/2020,21:06:58,homework 10 - Google Docs,https://docs.google.com/document/d/10P1YtJQm4XZpzs_TBEc70HopHZJV_MnFqV0i8auln2g/edit,110,0,link
291,70317,11/28/2020,21:42:37,IsabelleLenertz/sturdy-couscous: An web-security audit agent for local and enterprise networks,https://github.com/IsabelleLenertz/sturdy-couscous,59,1,link
915,65207,11/26/2020,14:12:58,Syllabus,https://learn.cybersecurity.berkeley.edu/ap/courses/430/sections/5046d34c-f0ac-4ed2-bbbd-8eb901d03b32/coursework/module/6ef100ab-3143-4ffe-bc24-39aaf903d8ac/segment/ef52240d-9afd-4157-a29c-13c2461f0c25,17,0,link
533,72886,11/27/2020,12:47:58,homework 10 - Google Docs,https://docs.google.com/document/d/10P1YtJQm4XZpzs_TBEc70HopHZJV_MnFqV0i8auln2g/edit,110,0,link
263,72713,11/28/2020,21:44:30,sturdy-couscous/sturdycouscous/unit_tests at main Â· IsabelleLenertz/sturdy-couscous,https://github.com/IsabelleLenertz/sturdy-couscous/tree/main/sturdycouscous/unit_tests,12,0,link
756,72871,11/26/2020,16:11:06,unit 13 reflection - Google Docs,https://docs.google.com/document/d/1EackMQxco7ecprZjAj1wPNmjWlsUhyzXhn1T6TyAfVg/edit,178,0,link
73,543,11/30/2020,13:29:27,"Inbox (2,808) - janani.js.sridhar@gmail.com - Gmail",https://mail.google.com/mail/u/0/#inbox,76,0,link
1262,72342,11/25/2020,13:46:33,sturdy-couscous/parser.py at isabelle/crawler Â· IsabelleLenertz/sturdy-couscous,https://github.com/IsabelleLenertz/sturdy-couscous/blob/isabelle/crawler/sturdycouscous/bouneschlupp/parser.py,6,0,link
1017,72816,11/25/2020,22:41:50,Please Don't Date Him (2020) - MyDramaList,https://mydramalist.com/62539-please-don-t-meet-the-man,1,0,link
403,72987,11/28/2020,9:39:25,Features | Bubble,https://bubble.io/features,1,0,link
342,167,11/28/2020,19:29:11,YouTube,https://www.youtube.com/,631,165,typed
1009,65755,11/26/2020,11:56:19,"Grades, 2020-0824 CYBER W200 Beyond the Code: Cyber Security in Context",https://learn.cybersecurity.berkeley.edu/ap/#/courses/430/sections/1637/grades,9,0,link
679,72886,11/26/2020,19:43:03,homework 10 - Google Docs,https://docs.google.com/document/d/10P1YtJQm4XZpzs_TBEc70HopHZJV_MnFqV0i8auln2g/edit,110,0,link
975,72827,11/26/2020,12:37:18,Watch It's Alive with Brad | Brad and Priya Make Yogurt | Bon AppÃ©tit Video | CNE | Bonappetit.com | Bon AppÃ©tit,https://www.bonappetit.com/video/watch/it-s-alive-with-brad-brad-and-priya-make-yogurt,2,0,link
282,71205,11/28/2020,21:42:56,sturdy-couscous/sturdycouscous/Garbanzo at main Â· IsabelleLenertz/sturdy-couscous,https://github.com/IsabelleLenertz/sturdy-couscous/tree/main/sturdycouscous/Garbanzo,19,0,link
745,72871,11/26/2020,16:11:06,unit 13 reflection - Google Docs,https://docs.google.com/document/d/1EackMQxco7ecprZjAj1wPNmjWlsUhyzXhn1T6TyAfVg/edit,178,0,link
1263,72342,11/25/2020,13:46:32,sturdy-couscous/parser.py at isabelle/crawler Â· IsabelleLenertz/sturdy-couscous,https://github.com/IsabelleLenertz/sturdy-couscous/blob/isabelle/crawler/sturdycouscous/bouneschlupp/parser.py,6,0,link
811,72871,11/26/2020,16:02:47,unit 13 reflection - Google Docs,https://docs.google.com/document/d/1EackMQxco7ecprZjAj1wPNmjWlsUhyzXhn1T6TyAfVg/edit,178,0,link
1187,72714,11/25/2020,15:28:24,sturdy-couscous/sturdycouscous/unit_tests/src at main Â· IsabelleLenertz/sturdy-couscous,https://github.com/IsabelleLenertz/sturdy-couscous/tree/main/sturdycouscous/unit_tests/src,9,0,link
589,72893,11/26/2020,21:28:55,"Tiger Sugar - Cupertino - Updated COVID-19 Hours & Services - 389 Photos & 170 Reviews - Bubble Tea - 19620 Stevens Creek Blvd, Cupertino, CA - Phone Number - Yelp",https://www.yelp.com/biz/tiger-sugar-cupertino-cupertino-2,1,0,link
1148,72726,11/25/2020,17:08:39,docker copy over directory from host to container - Google Search,https://www.google.com/search?q=docker+copy+over+directory+from+host+to+container&oq=docker+copy+over+directory+from+host+to+container&aqs=chrome..69i57j33i22i29i30l3.9607j0j4&sourceid=chrome&ie=UTF-8,3,0,generated
208,73054,11/29/2020,12:06:28,I Made Grilled Cheese Sandwiches Using 11 Hacks In A Row â€¢ Tasty - YouTube,https://www.youtube.com/watch?v=0AbOS_v6_T4,1,0,link
309,73032,11/28/2020,21:11:16,python ssl library get client ciphers - Google Search,https://www.google.com/search?q=python+ssl+library+get+client+ciphers&oq=python+ssl+library+get+client+ciphers&aqs=chrome..69i57j33i22i29i30.12055j0j7&sourceid=chrome&ie=UTF-8,1,0,generated
1245,72697,11/25/2020,13:51:32,Isabelle/crawler by IsabelleLenertz Â· Pull Request #17 Â· IsabelleLenertz/sturdy-couscous,https://github.com/IsabelleLenertz/sturdy-couscous/pull/17#pullrequestreview-538866672,2,0,form_submit
114,167,11/29/2020,19:38:02,YouTube,https://www.youtube.com/,631,165,link
874,72871,11/26/2020,15:38:26,unit 13 reflection - Google Docs,https://docs.google.com/document/d/1EackMQxco7ecprZjAj1wPNmjWlsUhyzXhn1T6TyAfVg/edit,178,0,link
433,72972,11/27/2020,20:32:36,magento 1.9 - How to check if URL has http:// or https://? - Magento Stack Exchange,https://magento.stackexchange.com/questions/84194/how-to-check-if-url-has-http-or-https,1,0,link
706,72879,11/26/2020,16:11:35,Reflection Notes Unit 14,https://learn.cybersecurity.berkeley.edu/ap/courses/430/sections/5046d34c-f0ac-4ed2-bbbd-8eb901d03b32/coursework/module/06dff40f-100d-443b-bee8-3fbff6961fae/segment/71f456ef-2f0c-465c-99f3-2826a9c3fca9,1,0,link
426,70205,11/27/2020,20:40:05,ssl â€” TLS/SSL wrapper for socket objects â€” Python 3.9.1rc1 documentation,https://docs.python.org/3/library/ssl.html,14,2,link
14,167,11/30/2020,16:52:00,YouTube,https://www.youtube.com/,631,165,link
1402,72656,11/23/2020,23:35:56,"Quiz: Which Iconic ""Sims"" Townie Are You?",https://www.buzzfeed.com/charliefeed/which-iconic-sims-townie-are-you-5zvw8vognz,2,0,link
559,72911,11/26/2020,22:40:55,The Try Guys Make Plushies Without Instructions - YouTube,https://www.youtube.com/watch?v=Ya3YkK0tkUU&t=30s,1,0,link
422,72978,11/27/2020,20:40:51,ssl library python check no tls - Google Search,https://www.google.com/search?sxsrf=ALeKk01CkcplORpLYvjbZJ7c2eGCtrArnA%3A1606538425877&ei=udTBX-2HNbDRwbkPrYW-6A4&q=ssl+library+python+check+no+tls&oq=ssl+library+python+check+no+tls&gs_lcp=CgZwc3ktYWIQAzIFCCEQoAEyBQghEKABOgQIABBHOgQIIxAnOggIIRAWEB0QHjoFCCEQqwI6BwghEAoQoAFQwasBWM65AWDYugFoAnACeACAAYwBiAG2CpIBAzQuOJgBAKABAaoBB2d3cy13aXrIAQjAAQE&sclient=psy-ab&ved=0ahUKEwityMSBtqTtAhWwaDABHa2CD-0Q4dUDCA0&uact=5,2,0,link
494,72937,11/27/2020,15:03:47,Keith's First Wedding Anniversary - The Try Vlog - YouTube,https://www.youtube.com/watch?v=MfkD9ga5dt8,1,0,link
848,72871,11/26/2020,15:38:27,unit 13 reflection - Google Docs,https://docs.google.com/document/d/1EackMQxco7ecprZjAj1wPNmjWlsUhyzXhn1T6TyAfVg/edit,178,0,link
251,71204,11/28/2020,21:45:19,sturdy-couscous/sturdycouscous at main Â· IsabelleLenertz/sturdy-couscous,https://github.com/IsabelleLenertz/sturdy-couscous/tree/main/sturdycouscous,45,0,link
1289,72691,11/25/2020,13:40:14,sturdy-couscous/sturdycouscous/Garbanzo at isabelle/crawler Â· IsabelleLenertz/sturdy-couscous,https://github.com/IsabelleLenertz/sturdy-couscous/tree/isabelle/crawler/sturdycouscous/Garbanzo,10,0,link
485,543,11/27/2020,15:32:24,"Inbox (2,808) - janani.js.sridhar@gmail.com - Gmail",https://mail.google.com/mail/u/0/#inbox,76,0,link
107,73122,11/29/2020,22:26:30,should you buy the sims 4 Island Living? - YouTube,https://www.youtube.com/watch?v=pKwvsvW40Ow,1,0,link
1185,72714,11/25/2020,15:28:31,sturdy-couscous/sturdycouscous/unit_tests/src at main Â· IsabelleLenertz/sturdy-couscous,https://github.com/IsabelleLenertz/sturdy-couscous/tree/main/sturdycouscous/unit_tests/src,9,0,link
252,73036,11/28/2020,21:45:14,sturdy-couscous/obtain_tls_version.py at main Â· IsabelleLenertz/sturdy-couscous,https://github.com/IsabelleLenertz/sturdy-couscous/blob/main/sturdycouscous/prototypes/obtain_tls_version.py,2,0,link
1430,72632,11/23/2020,21:24:12,Apple Store Online - Apple,https://www.apple.com/shop,1,0,link
1220,72703,11/25/2020,14:19:00,We got a microchip cat feeder for only Haku - YouTube,https://www.youtube.com/watch?v=Oqtmf5r-PN8&t=461s,1,0,link
220,73046,11/28/2020,23:28:55,Bon AppÃ©tit - YouTube,https://www.youtube.com/channel/UCbpMy0Fg74eXXkvxJrtEn3w,2,0,link
429,72974,11/27/2020,20:39:53,Search â€” Python 3.9.1rc1 documentation,https://docs.python.org/3/search.html?q=http+onl&check_keywords=yes&area=default,2,0,form_submit
1308,71004,11/25/2020,13:39:25,sturdy-couscous/sturdycouscous at isabelle/crawler Â· IsabelleLenertz/sturdy-couscous,https://github.com/IsabelleLenertz/sturdy-couscous/tree/isabelle/crawler/sturdycouscous,32,0,link
58,73161,11/30/2020,13:35:19,"UC Berkeley - Calendar - Week of November 29, 2020",https://calendar.google.com/calendar/u/2/r/week?eid=MHM2aTRoY2o4ZmswMDAxdDcwOWdvM3BhbXEgamFzcmlkaGFAYmVya2VsZXkuZWR1&rst=1&ctz=America/Los_Angeles&hl=en&es=1&sf=true&response_updated=1,11,0,link
560,72910,11/26/2020,22:37:38,The Best Thing I've Seen in Sims 4 So Far - YouTube,https://www.youtube.com/watch?v=cWsSw_dl28I,1,0,link
793,72871,11/26/2020,16:05:50,unit 13 reflection - Google Docs,https://docs.google.com/document/d/1EackMQxco7ecprZjAj1wPNmjWlsUhyzXhn1T6TyAfVg/edit,178,0,link
809,72871,11/26/2020,16:02:57,unit 13 reflection - Google Docs,https://docs.google.com/document/d/1EackMQxco7ecprZjAj1wPNmjWlsUhyzXhn1T6TyAfVg/edit,178,0,link
1259,71004,11/25/2020,13:46:48,sturdy-couscous/sturdycouscous at isabelle/crawler Â· IsabelleLenertz/sturdy-couscous,https://github.com/IsabelleLenertz/sturdy-couscous/tree/isabelle/crawler/sturdycouscous,32,0,link
264,72714,11/28/2020,21:44:28,sturdy-couscous/sturdycouscous/unit_tests/src at main Â· IsabelleLenertz/sturdy-couscous,https://github.com/IsabelleLenertz/sturdy-couscous/tree/main/sturdycouscous/unit_tests/src,9,0,link
928,72857,11/26/2020,14:04:56,13.7 Discussion Questions,https://learn.cybersecurity.berkeley.edu/ap/courses/431/sections/d3d007b9-8952-4bcc-87e2-d2fbd197b5d2/coursework/module/58f56af0-60d7-4048-8aa5-c011ff596196/segment/559069df-ed4e-4c0e-bee5-9a3dc7bc890a,1,0,link
31,73163,11/30/2020,13:40:16,sturdy-couscous/sturdycouscous/Garbanzo at robby/mongodb Â· IsabelleLenertz/sturdy-couscous,https://github.com/IsabelleLenertz/sturdy-couscous/tree/robby/mongodb/sturdycouscous/Garbanzo,6,0,link
101,73125,11/29/2020,22:46:18,Profile / Twitter,https://twitter.com/steph0sims?ref_src=twsrc%5Egoogle%7Ctwcamp%5Eserp%7Ctwgr%5Eauthor,1,0,link
1004,71681,11/26/2020,11:56:38,Final Project Initial Presentation and Outline,https://learn.cybersecurity.berkeley.edu/ap/courses/430/sections/5046d34c-f0ac-4ed2-bbbd-8eb901d03b32/coursework/module/06dff40f-100d-443b-bee8-3fbff6961fae/segment/10922fd2-fcb3-4123-ba91-ee3a46013b3a,4,0,link
761,72871,11/26/2020,16:11:06,unit 13 reflection - Google Docs,https://docs.google.com/document/d/1EackMQxco7ecprZjAj1wPNmjWlsUhyzXhn1T6TyAfVg/edit,178,0,link
803,72871,11/26/2020,16:04:29,unit 13 reflection - Google Docs,https://docs.google.com/document/d/1EackMQxco7ecprZjAj1wPNmjWlsUhyzXhn1T6TyAfVg/edit,178,0,link
709,72878,11/26/2020,16:11:18,Reflection Notes Unit 13,https://learn.cybersecurity.berkeley.edu/ap/courses/430/sections/5046d34c-f0ac-4ed2-bbbd-8eb901d03b32/coursework/module/06dff40f-100d-443b-bee8-3fbff6961fae/segment/7e847001-72c8-46a5-8fd6-b1064111991b,2,0,link
1214,72706,11/25/2020,14:55:27,I'm Building an Entire Farm in The Sims 4! - YouTube,https://www.youtube.com/watch?v=jYYHWtFJljw,1,0,link
1079,66354,11/25/2020,21:58:03,Search Results - MyDramaList,https://mydramalist.com/search?q=flower+of+evil,7,1,typed
365,167,11/28/2020,16:26:14,YouTube,https://www.youtube.com/,631,165,link
43,73162,11/30/2020,13:38:59,IsabelleLenertz/sturdy-couscous at robby/mongodb,https://github.com/IsabelleLenertz/sturdy-couscous/tree/robby/mongodb,1,0,link
898,65566,11/26/2020,15:38:18,MICS w200 - Google Drive,https://drive.google.com/drive/u/0/folders/1B0inO8R6og8XUkj4zcMsYM9R_q8JZbaN,15,0,link
680,72886,11/26/2020,19:43:03,homework 10 - Google Docs,https://docs.google.com/document/d/10P1YtJQm4XZpzs_TBEc70HopHZJV_MnFqV0i8auln2g/edit,110,0,link
154,73099,11/29/2020,18:52:07,The Try Guys Try to Keep Up with a Professional Chef | Back-to-Back Chef | Bon AppÃ©tit - YouTube,https://www.youtube.com/watch?v=2RrrFMDg7G0,1,0,link
1313,72690,11/25/2020,13:38:50,sturdy-couscous/SLL_Connection.py at isabelle/crawler Â· IsabelleLenertz/sturdy-couscous,https://github.com/IsabelleLenertz/sturdy-couscous/blob/isabelle/crawler/sturdycouscous/prototypes/SLL_Connection.py,2,0,link
1422,72639,11/23/2020,22:04:06,The Try Guys Drunk Vs. High Easter Egg Hunt - YouTube,https://www.youtube.com/watch?v=bv8D6ilpkrk,1,0,link
571,72904,11/26/2020,22:13:07,Why Kpop Idols Don't Make Money - YouTube,https://www.youtube.com/watch?v=2r0OP3U5Lcc,1,0,link
e
